#,Total Threads,Physical Memory Wired,Physical Memory Active,Physical Memory Inactive,Physical Memory Used,Physical Memory Free,VM Size,Page Ins,Page Outs,Swap Used,Net Packets In,Net Bytes In,Net Packets Out,Net Bytes Out,Net Packets In Per Second,Net Packets Out Per Second,Net Bytes In Per Second,Net Bytes Out Per Second,Disk Read Ops,Disk Bytes Read,Disk Write Ops,Disk Bytes Written,Disk Read Ops Per Second,Disk Write Ops Per Second,Disk Bytes Read Per Second,Disk Bytes Written Per Second,% Total Load,% User Load,% System Load,% Nice Load
0,344,101715968,106213376,80871424,288800768,42164224,28869943296,205414400,1466368,0,76688,139448395,31343,115370091,<null>,<null>,<null>,<null>,57575,899342336,15242,1641340928,<null>,<null>,<null>,<null>,40.5774231,40.5774231,0,0
1,352,98136064,110243840,79872000,288251904,40501248,28971147264,205414400,1466368,0,76748,139506229,31395,115426852,45,39,43477,42670,57575,899342336,15314,1644535808,0,54,0,2401769,67.93404007,67.93404007,0,0
2,354,89862144,118022144,80896000,288780288,38551552,28972302336,205447168,1466368,0,76787,139567660,31405,115480920,36,9,56898,50078,57576,899350528,15326,1653653504,0,11,7587,8444906,48.14814758,48.14814758,0,0
3,354,98619392,110567424,81047552,290234368,34168832,28977164288,205447168,1466368,0,76833,139637509,31417,115536605,43,11,66676,53155,57576,899350528,15332,1658179584,0,5,0,4320481,61.71703339,61.71703339,0,0
